{
  "Ansi 0 Color": {
    "Color Space": "sRGB",
    "Blue Component": 0.21176470588235294,
    "Green Component": 0.16470588235294117,
    "Red Component": 0.0
  },
  "Ansi 1 Color": {
    "Color Space": "sRGB",
    "Blue Component": 0.17647058823529413,
    "Green Component": 0.2,
    "Red Component": 0.8470588235294118
  },
  "Ansi 10 Color": {
    "Color Space": "sRGB",
    "Blue Component": 0.00784313725490196,
    "Green Component": 0.5254901960784314,
    "Red Component": 0.3803921568627451
  },
  "Ansi 11 Color": {
    "Color Space": "sRGB",
    "Blue Component": 0.00392156862745098,
    "Green Component": 0.5294117647058824,
    "Red Component": 0.6862745098039216
  },
  "Ansi 12 Color": {
    "Color Space": "sRGB",
    "Blue Component": 0.9921568627450981,
    "Green Component": 0.5294117647058824,
    "Red Component": 0.0
  },
  "Ansi 13 Color": {
    "Color Space": "sRGB",
    "Blue Component": 0.6784313725490196,
    "Green Component": 0.37254901960784315,
    "Red Component": 0.3764705882352941
  },
  "Ansi 14 Color": {
    "Color Space": "sRGB",
    "Blue Component": 0.6901960784313725,
    "Green Component": 0.6901960784313725,
    "Red Component": 0.0
  },
  "Ansi 15 Color": {
    "Color Space": "sRGB",
    "Blue Component": 0.5333333333333333,
    "Green Component": 0.5411764705882353,
    "Red Component": 0.5411764705882353
  },
  "Ansi 2 Color": {
    "Color Space": "sRGB",
    "Blue Component": 0.00784313725490196,
    "Green Component": 0.6,
    "Red Component": 0.5215686274509804
  },
  "Ansi 3 Color": {
    "Color Space": "sRGB",
    "Blue Component": 0.00784313725490196,
    "Green Component": 0.5411764705882353,
    "Red Component": 0.7058823529411765
  },
  "Ansi 4 Color": {
    "Color Space": "sRGB",
    "Blue Component": 0.8274509803921568,
    "Green Component": 0.5450980392156862,
    "Red Component": 0.14901960784313725
  },
  "Ansi 5 Color": {
    "Color Space": "sRGB",
    "Blue Component": 0.7647058823529411,
    "Green Component": 0.4470588235294118,
    "Red Component": 0.4196078431372549
  },
  "Ansi 6 Color": {
    "Color Space": "sRGB",
    "Blue Component": 0.596078431372549,
    "Green Component": 0.6313725490196078,
    "Red Component": 0.1568627450980392
  },
  "Ansi 7 Color": {
    "Color Space": "sRGB",
    "Blue Component": 0.6313725490196078,
    "Green Component": 0.6313725490196078,
    "Red Component": 0.5764705882352941
  },
  "Ansi 8 Color": {
    "Color Space": "sRGB",
    "Blue Component": 0.10980392156862745,
    "Green Component": 0.10588235294117647,
    "Red Component": 0.11372549019607843
  },
  "Ansi 9 Color": {
    "Color Space": "sRGB",
    "Blue Component": 0.00784313725490196,
    "Green Component": 0.0,
    "Red Component": 0.8392156862745098
  },
  "Background Color": {
    "Color Space": "sRGB",
    "Blue Component": 0.8901960784313725,
    "Green Component": 0.9647058823529412,
    "Red Component": 0.9921568627450981
  },
  "Bold Color": {
    "Color Space": "sRGB",
    "Blue Component": 0.4549019607843137,
    "Green Component": 0.4392156862745098,
    "Red Component": 0.3411764705882353
  },
  "Cursor Color": {
    "Color Space": "sRGB",
    "Blue Component": 0.4549019607843137,
    "Green Component": 0.4392156862745098,
    "Red Component": 0.3411764705882353
  },
  "Cursor Text Color": {
    "Color Space": "sRGB",
    "Blue Component": 0.8901960784313725,
    "Green Component": 0.9647058823529412,
    "Red Component": 0.9921568627450981
  },
  "Foreground Color": {
    "Color Space": "sRGB",
    "Blue Component": 0.4549019607843137,
    "Green Component": 0.4392156862745098,
    "Red Component": 0.3411764705882353
  },
  "Selected Text Color": {
    "Color Space": "sRGB",
    "Blue Component": 0.4549019607843137,
    "Green Component": 0.4392156862745098,
    "Red Component": 0.3411764705882353
  },
  "Selection Color": {
    "Color Space": "sRGB",
    "Blue Component": 0.8901960784313725,
    "Green Component": 0.9647058823529412,
    "Red Component": 0.9921568627450981
  }
}